Gamma,Min Delay,Max Delay,Avg Delay,StdDev Delay,Min Throughput,Max Throughput,Avg Throughput,StdDev Throughput,Min Packet Drop,Max Packet Drop,Avg Packet Drop,StdDev Packet Drop,Min Reward,Max Reward,Avg Reward,StdDev Reward
0.1,8.44,3537.01,1994.920221402214,1123.8605107961077,0.0215,2.4695,1.9120738007380074,0.6880694814122104,12.91,99.23,32.38188191881919,24.301800150489317,-16.689059999999994,1.2661600000000077,-3.3790594095940882,3.994716087705811
0.25,8.24,4435.31,2019.365682656827,1427.4892976431693,0.02025,2.55075,1.8391503690036899,0.7277640583786483,10.81,99.27,34.99616236162361,25.719814407752065,-17.645673333333328,0.8580866666666592,-5.4102925707257095,4.829908702016267
0.4,8.95,3567.67,2067.888487084871,1111.7012665059115,0.02375,2.53675,1.9442813653136528,0.6791216750166879,13.15,99.17,31.287675276752772,24.001726585758508,-16.794286666666668,1.4009999999999962,-3.5244239360393608,3.72195418809046
0.5499999999999999,8.7,3385.02,1552.5217343173433,806.1895580110609,0.0215,2.45675,1.8571383763837637,0.5476486291237546,13.84,99.25,34.32966789667897,19.33332763531108,-16.102893333333334,2.2214933333333384,-0.8875325953259533,3.890145307762989
0.7,94.6,3013.49,1769.877970479705,492.3058608897123,0.2395,2.43475,2.0805166051660513,0.26763122311818754,15.26,91.46,26.445424354243542,9.45088338599324,-15.075433333333335,1.0181066666666658,-0.5723975645756469,1.6119769180643042
0.85,275.44,4133.2,2851.741881918819,864.4103874190824,0.6485,2.53125,2.29359963099631,0.34511313020260503,11.58,76.6,18.97833948339483,12.149359382496106,-9.2855,2.2209133333333373,-2.772123247232473,2.3465090965936692
