Gamma,Min Delay,Max Delay,Avg Delay,StdDev Delay,Min Throughput,Max Throughput,Avg Throughput,StdDev Throughput,Min Packet Drop,Max Packet Drop,Avg Packet Drop,StdDev Packet Drop,Min Reward,Max Reward,Avg Reward,StdDev Reward
0.7,280.55,3579.29,1938.689114391144,700.2151713611908,0.68075,2.495,2.1001060885608855,0.3186147079927044,12.7,76.0,25.807232472324724,11.196551924481803,-8.87676,2.2192133333333324,0.11090875768757709,1.8356320129172048
0.4,10.16,4152.99,1660.4626937269372,981.8124105291844,0.02525,2.53975,1.8774289667896682,0.5289923550466731,11.56,99.13,33.602287822878225,18.69012747084855,-17.313253333333332,0.909413333333335,-2.486215571955718,3.7372375526151758
0.85,8.67,3757.32,2157.06,819.8266426408474,0.022,2.494,2.113946494464945,0.4940163905103527,12.61,99.23,25.240147601476014,17.454412440163956,-17.606146666666664,0.6305533333333284,-2.5793465928659276,3.4758650140623195
